<?xml version="1.0" encoding="UTF-8"?>
<project xmlns="http://maven.apache.org/POM/4.0.0" xmlns:xsi="http://www.w3.org/2001/XMLSchema-instance" xsi:schemaLocation="http://maven.apache.org/POM/4.0.0 http://maven.apache.org/xsd/maven-4.0.0.xsd">
  <modelVersion>4.0.0</modelVersion>
  <groupId>com.jbpm.demo</groupId>
  <artifactId>business-application-service</artifactId>
  <version>1.0-SNAPSHOT</version>
  <packaging>jar</packaging>
  <name>business-application-service</name>

  <parent>
    <groupId>org.springframework.boot</groupId>
    <artifactId>spring-boot-starter-parent</artifactId>
    <version>2.2.10.RELEASE</version>
  </parent>

  <properties>
    <version.org.kie>7.52.0.Final</version.org.kie>
    <maven.compiler.target>1.8</maven.compiler.target>
    <maven.compiler.source>1.8</maven.compiler.source>
    <project.build.sourceEncoding>UTF-8</project.build.sourceEncoding>
    <project.reporting.outputEncoding>UTF-8</project.reporting.outputEncoding>
    <narayana.version>5.9.0.Final</narayana.version>
    <fabric8.version>3.5.40</fabric8.version>
    <version.commons-dbcp2>2.5.0</version.commons-dbcp2>
  </properties>

  <dependencies>
    
<dependency>
    <groupId>org.kie</groupId>
    <artifactId>kie-server-spring-boot-starter</artifactId>
    <version>${version.org.kie}</version>
</dependency>

    <dependency>
      <groupId>org.springframework.boot</groupId>
      <artifactId>spring-boot-starter-test</artifactId>
      <scope>test</scope>
    </dependency>
  <dependency>
      <groupId>mysql</groupId>
      <artifactId>mysql-connector-java</artifactId>
    </dependency>
    <dependency>
      <groupId>com.h2database</groupId>
      <artifactId>h2</artifactId>
      <scope>test</scope>
    </dependency>
    <dependency>
   <groupId>com.sun</groupId>
   <artifactId>tools</artifactId>
   <version>1.8.0_231</version>
   <scope>system</scope>
   <systemPath>C:\Program Files\Java\jdk1.8.0_231\lib\tools.jar</systemPath>
 </dependency>
    
     <dependency>
      <groupId>org.apache.commons</groupId>
      <artifactId>commons-dbcp2</artifactId>
      <version>${version.commons-dbcp2}</version>
      <exclusions>
        <exclusion>
          <groupId>commons-logging</groupId>
          <artifactId>commons-logging</artifactId>
        </exclusion>
      </exclusions>
    </dependency>
   
    
  </dependencies>

  <build>
    <plugins>
      <plugin>
        <groupId>org.springframework.boot</groupId>
        <artifactId>spring-boot-maven-plugin</artifactId>
        
      </plugin>
    </plugins>
  </build>


        
  <repositories>    
    <repository>
      <id>jboss-public-repository-group</id>
      <name>JBoss Public Repository Group</name>
      <url>https://repository.jboss.org/nexus/content/groups/public/</url>
      <layout>default</layout>
      <releases>
        <updatePolicy>never</updatePolicy>
      </releases>
      <snapshots>
        <updatePolicy>daily</updatePolicy>
      </snapshots>
    </repository>
  </repositories>
</project>
