<?xml version="1.0" encoding="UTF-8"?>
<project xmlns="http://maven.apache.org/POM/4.0.0"
  xmlns:xsi="http://www.w3.org/2001/XMLSchema-instance"
  xsi:schemaLocation="http://maven.apache.org/POM/4.0.0 http://maven.apache.org/xsd/maven-4.0.0.xsd">
  <modelVersion>4.0.0</modelVersion>
  <groupId>com.jbpm.demo</groupId>
  <artifactId>business-application-kjar</artifactId>
  <version>1.0-SNAPSHOT</version>
  <packaging>kjar</packaging>
  <name>business-application-kjar</name>

  <properties>
    <version.org.kie>7.52.0.Final</version.org.kie>
    <maven.compiler.target>1.8</maven.compiler.target>
    <maven.compiler.source>1.8</maven.compiler.source>
    <project.build.sourceEncoding>UTF-8</project.build.sourceEncoding>
  </properties>

  <build>
    <plugins>
      <plugin>
        <groupId>org.kie</groupId>
        <artifactId>kie-maven-plugin</artifactId>
        <version>${version.org.kie}</version>
        <extensions>true</extensions>
      </plugin>
    </plugins>
  </build>

  <profiles>
    <profile>
      <id>docker</id>
      <activation>
        <property>
          <name>docker</name>
        </property>
      </activation>
      <build>
        <plugins> 
          <plugin>
            <artifactId>maven-assembly-plugin</artifactId>
            <executions>
              <execution>
                <id>additional-install</id>
                <phase>package</phase>
                <goals>
                  <goal>single</goal>
                </goals>
                <configuration>
                  <finalName>local</finalName>
                  <descriptors>
                    <descriptor>src/main/assembly/repository.xml</descriptor>
                  </descriptors>
                </configuration>
              </execution>
            </executions>
          </plugin>
          <plugin>
            <artifactId>maven-install-plugin</artifactId>
            <version>2.4</version>
            <executions>
              <execution>
                <id>additional-install</id>
                <phase>install</phase>
                <goals>
                  <goal>install-file</goal>
                </goals>
                <configuration>
                  <file>${project.build.directory}/${project.build.finalName}.jar</file>
                  <pomFile>pom.xml</pomFile>
                  <localRepositoryPath>${project.build.directory}/local-repository/maven</localRepositoryPath>
                </configuration>
              </execution>
            </executions>
          </plugin>
        </plugins>
      </build>
    </profile>
    <profile>
      <id>openshift</id>
      <activation>
        <property>
          <name>openshift</name>
        </property>
      </activation>
      <build>
        <plugins> 
          <plugin>
            <artifactId>maven-assembly-plugin</artifactId>
            <executions>
              <execution>
                <id>additional-install</id>
                <phase>package</phase>
                <goals>
                  <goal>single</goal>
                </goals>
                <configuration>
                  <finalName>local</finalName>
                  <descriptors>
                    <descriptor>src/main/assembly/repository.xml</descriptor>
                  </descriptors>
                </configuration>
              </execution>
            </executions>
          </plugin>
          <plugin>
            <artifactId>maven-install-plugin</artifactId>
            <version>2.4</version>
            <executions>
              <execution>
                <id>additional-install</id>
                <phase>install</phase>
                <goals>
                  <goal>install-file</goal>
                </goals>
                <configuration>
                  <file>${project.build.directory}/${project.build.finalName}.jar</file>
                  <pomFile>pom.xml</pomFile>
                  <localRepositoryPath>${project.build.directory}/local-repository/maven</localRepositoryPath>
                </configuration>
              </execution>
            </executions>
          </plugin>
        </plugins>
      </build>
    </profile>
  </profiles>
  <repositories>
    <!-- Bootstrap repository to locate the parent pom when the parent pom 
      has not been build locally. -->
    <repository>
      <id>jboss-public-repository-group</id>
      <name>JBoss Public Repository Group</name>
      <url>https://repository.jboss.org/nexus/content/groups/public/</url>
      <layout>default</layout>
      <releases>
        <updatePolicy>never</updatePolicy>
      </releases>
      <snapshots>
        <updatePolicy>daily</updatePolicy>
      </snapshots>
    </repository>
  </repositories>
</project>
